index,Country,Confirmed,Confirmed_pc,Deaths,Deaths_pc,Death_rate,Recovered,Recovered_pc,Recovered_rate,Active,Active_pc,Tested,Tested_pc,Tested_rate,Population
0,Afghanistan,39268,1032.234131562325,1458,38.32630548583758,3.7129469287969847,32789,861.9212829733391,83.500560252623,5021.0,131.98654310314848,0,0,0,38041757
1,Albania,13649,4737.734183573055,387,134.33241475879348,2.8353725547659168,7847,2723.7892987396704,57.49139131071873,5415.0,1879.6124700745909,0,0,0,2880913
2,Algeria,51530,1196.895346843455,1736,40.32234275412843,3.368911313797788,36174,840.2191398547475,70.19988356297301,13620.0,316.353864234579,0,0,0,43053054
3,Andorra,2050,26572.991470717858,53,687.0090477795349,2.5853658536585367,1432,18562.206724911204,69.85365853658536,565.0,7323.775698027117,0,0,0,77146
4,Angola,4972,156.22791163721666,183,5.750142363155803,3.680611423974256,1941,60.989214901013185,39.03861625100563,2848.0,89.48855437304768,0,0,0,31825299
5,Antigua and Barbuda,101,1040.0041188281932,3,30.891211450342375,2.9702970297029703,92,947.3304844771661,91.0891089108911,6.0,61.78242290068475,0,0,0,97115
6,Argentina,751001,16770.649392846357,16937,378.2211858128534,2.255256650790079,594645,13279.053966917649,79.18032066535197,139419.0,3113.3742401158534,1999387.0,44648.43372727186,37.56156261894271,44780675
7,Armenia,50359,17026.24446872735,959,324.23535903233835,1.9043269326237615,44001,14876.621514892513,87.37465001290732,5399.0,1825.387594802497,0,0,0,2957728
8,Austria,44813,5004.183087462486,799,89.22282120997313,1.7829647646888178,35644,3980.298171725009,79.53941936491643,8370.0,934.6620945275033,1636573.0,182753.01649070007,2.7382218819447712,8955108
9,Azerbaijan,40229,4003.794294008421,591,58.81932008647932,1.469089462825325,37954,3777.3747454521763,94.34487558726292,1684.0,167.6002284697651,0,0,0,10047719
10,Bahamas,4123,10585.746342615652,96,246.47869243053665,2.3284016492845017,2206,5663.874953143373,53.504729565850106,1821.0,4675.392697041742,0,0,0,389486
11,Bahrain,70864,43179.10946133354,251,152.940230226839,0.3541995935877173,64838,39507.3252886366,91.49638744637616,5775.0,3518.8439424701005,1439332.0,877018.9938360822,4.923395019356201,1641164
12,Bangladesh,363479,2229.3010213738658,5251,32.20560104774737,1.4446501723620897,275487,1689.6256743174217,75.79172386850409,82741.0,507.4697460086965,1783779.0,10940.33038113688,20.37690767746453,163046173
13,Barbados,190,661.9724689134243,7,24.388459381020898,3.684210526315789,179,623.647747028963,94.21052631578948,4.0,13.936262503440513,0,0,0,287021
14,Belarus,78631,8318.620152809723,833,88.12568309306126,1.0593786165761594,74525,7884.233532425438,94.77814093678066,3273.0,346.26093729122385,1841704.0,194839.64352367743,4.269470012553592,9452409
15,Belgium,118452,10265.070940885109,10016,867.9883036496238,8.455745787323135,19454,1685.8870266772944,16.4235302063283,88982.0,7711.195610558189,3236126.0,280443.2425256033,3.660302472771456,11539326
16,Belize,1992,5103.099518125994,27,69.16851756496077,1.355421686746988,1246,3191.998995775597,62.55020080321285,719.0,1841.9320047854367,0,0,0,390351
17,Benin,2357,199.72628093649507,41,3.4742373858278737,1.7394993635977938,1973,167.18708200581452,83.70810352142554,343.0,29.0649615448527,0,0,0,11801151
18,Bhutan,282,369.5481814822289,0,0.0,0.0,222,290.9209088264355,78.72340425531915,60.0,78.62727265579338,0,0,0,763094
19,Bolivia,135311,11752.783915229797,7965,691.8205015468463,5.886439387780742,95529,8297.416282770708,70.59958170436992,31817.0,2763.547130912242,297101.0,25805.469281866866,45.5437713100932,11513102
20,Bosnia and Herzegovina,27469,8321.42279395504,856,259.3155160954354,3.1162401252320797,20616,6245.383971756421,75.05187666096327,5997.0,1816.7233061031845,0,0,0,3300998
21,Botswana,3172,1376.9136038803613,16,6.94533974214558,0.5044136191677175,710,308.1994510577101,22.383354350567465,2446.0,1061.7688130805057,0,0,0,2303703
22,Brunei,146,336.95210664303386,3,6.923673424171929,2.054794520547945,142,327.7205420774713,97.26027397260275,1.0,2.307891141390643,0,0,0,433296
23,Bulgaria,20833,2976.0931138722394,825,117.85517299210855,3.960063361013776,14634,2090.5364867472927,70.24432390918255,5374.0,767.7014541328381,529292.0,75611.87905859288,3.9360126357473755,7000117
24,Burkina Faso,2056,101.17421634147637,58,2.8541364532128544,2.821011673151751,1335,65.69434767308898,64.931906614786,663.0,32.62573221517453,0,0,0,20321383
25,Burma,13373,247.44001443822566,310,5.735915985631493,2.318103641666043,3755,69.4785952453105,28.0789650788903,9308.0,172.22550320728368,245154.0,4536.073379166139,5.4549385284351875,54045422
26,Burundi,508,44.05677183370789,1,0.0867259288065116,0.19685039370078738,472,40.93463839667347,92.91338582677166,35.0,3.0354075082279057,0,0,0,11530577
27,Cabo Verde,6024,10954.001920223445,60,109.10360478310204,0.9960159362549801,5277,9595.662040673824,87.5996015936255,687.0,1249.2362747665184,0,0,0,549936
28,Cambodia,277,16.801582769752443,0,0.0,0.0,275,16.680271702822825,99.27797833935018,2.0,0.12131106692962053,0,0,0,16486542
29,Cameroon,20838,805.2901666681673,418,16.153723469972835,2.005950667050581,19440,751.2640771681147,93.29110279297439,980.0,37.87236603007985,0,0,0,25876387
30,Central African Republic,4829,1017.6644548077111,62,13.06589277243282,1.283909712155726,1914,403.3567542973616,39.63553530751708,2853.0,601.2418077379167,0,0,0,4745179
31,Chad,1200,75.24981999615974,85,5.3301955830613155,7.083333333333333,1007,63.14714061344406,83.91666666666666,108.0,6.772483799654378,0,0,0,15946882
32,Comoros,479,562.9393189021861,7,8.226670631138418,1.4613778705636742,464,545.310738978318,96.86847599164928,8.0,9.401909292729622,0,0,0,850891
33,Congo (Brazzaville),5089,945.8221757664337,89,16.541201344706742,1.7488701120062882,3887,722.4230295154506,76.38042837492631,1113.0,206.85794490627643,0,0,0,5380504
34,Congo (Kinshasa),10659,122.81288445997957,272,3.133981102647007,2.5518341307814993,10139,116.82144999903677,95.12149357350596,248.0,2.8574533582958,0,0,0,86790568
35,Costa Rica,75760,15009.2292099095,904,179.09639923123268,1.1932418162618796,37841,7496.888101005615,49.94852164730729,37015.0,7333.244709672652,199925.0,39608.23851361083,37.89421032887333,5047561
36,Cote d'Ivoire,19724,766.9767885697283,120,4.66625505112388,0.6083958629081322,19291,750.139384926923,97.80470492800649,313.0,12.171148591681453,0,0,0,25716554
37,Croatia,16593,4017.3846978148554,280,67.79170224722229,1.6874585668655457,15057,3645.498788344379,90.74308443319472,1256.0,304.09420722325433,312406.0,75637.62332944904,5.3113576563830405,4130299
38,Cuba,5597,493.84637592464946,122,10.764562776988964,2.1797391459710562,4893,431.7295546541558,87.42183312488834,582.0,51.352258493504735,613994.0,54175.22096470953,0.9115724257891771,11333484
39,Cyprus,1755,1464.2400052061867,22,18.35514536440804,1.2535612535612535,1369,1142.1906365397547,78.00569800569801,364.0,303.6942233020239,0,0,0,1198574
40,Czechia,68919,6447.527989198082,655,61.27672823060032,0.9503910387556406,33443,3128.66812552056,48.52508016657235,34821.0,3257.583135446922,1365607.0,127755.61680733651,5.0467667491452515,10689213
41,Faroe Islands,467,9593.853359903034,0,0.0,0.0,429,8813.19719785525,91.86295503211991,38.0,780.6561620477844,0,0,0,48677
42,Greenland,14,247.08789269325803,0,0.0,0.0,14,247.08789269325803,100.0,0.0,0.0,0,0,0,56660
43,Denmark,27998,4850.761719281267,650,112.61501241277318,2.321594399599971,20754,3595.7107194072223,74.12672333738124,6594.0,1142.4359874612712,3795247.0,657541.2123300618,0.7377121963339935,5771877
44,Djibouti,5416,5563.105190553814,61,62.656834679428115,1.1262924667651404,5344,5489.149582407605,98.67060561299851,11.0,11.29877346678212,0,0,0,973557
45,Dominica,30,417.78074866310163,0,0.0,0.0,24,334.2245989304813,80.0,6.0,83.55614973262033,0,0,0,71808
46,Dominican Republic,112209,10448.780081715571,2105,196.01531135658706,1.8759636036325071,87629,8159.917206112289,78.09444875188265,22475.0,2092.8475642466956,0,0,0,10738957
47,Ecuador,137047,7888.2068409661815,11355,653.5756979661794,8.285478704386087,112296,6463.578738776758,81.9397724868111,13396.0,771.0524042232444,359918.0,20716.30630212165,38.077284270306016,17373657
48,Egypt,103198,1027.9906151403877,5930,59.07076055526754,5.746235392158763,96494,961.209775551431,93.50375007267583,774.0,7.710079033689221,0,0,0,100388076
49,El Salvador,29077,4505.582198944767,843,130.6257796096722,2.899198679368573,23813,3689.9071053916064,81.89634418956564,4421.0,685.0493139434885,395921.0,61349.33486220762,7.344141886891577,6453550
50,Equatorial Guinea,5030,3709.4887690249575,83,61.210252053493335,1.650099403578529,4769,3517.008337868792,94.81113320079523,178.0,131.27017910267244,0,0,0,1355982
51,Eritrea,375,107.23118500181722,0,0.0,0.0,341,97.50889089498578,90.93333333333334,34.0,9.722294106831427,0,0,0,3497117
52,Estonia,3371,2542.9053995439212,64,48.27823956416819,1.8985464253930586,2605,1965.0752197602833,77.27677247107682,702.0,529.5519402194699,215683.0,162699.93037372638,1.56294191011809,1325649
53,Eswatini,5482,4774.708156633421,109,94.93673642339346,1.988325428675666,4912,4278.2499936854,89.60233491426487,461.0,401.5214265246274,0,0,0,1148133
54,Ethiopia,75368,672.4558889752558,1198,10.688915123027762,1.589534019743127,31204,278.4114419857749,41.40218660439444,42966.0,383.35553186645313,1272352.0,11352.305955437912,5.923518020170518,112078727
55,Fiji,32,35.956874223977614,2,2.247304638998601,6.25,28,31.46226494598041,87.5,2.0,2.247304638998601,0,0,0,889955
56,Finland,9992,1806.166453278006,344,62.18187148995537,3.4427542033626897,8100,1464.1661600832515,81.0648518815052,1548.0,279.81842170479916,1049050.0,189627.59385621417,0.9524808159763596,5532159
57,French Guiana,9955,34230.442571598534,66,226.94216069568088,0.6629834254143646,9589,32971.9451350134,96.3234555499749,300.0,1031.5552758894585,0,0,0,290823
58,French Polynesia,1852,6631.219005675206,7,25.06400272123458,0.3779697624190065,1504,5385.180013248116,81.20950323974083,341.0,1220.974989705856,0,0,0,279285
59,Guadeloupe,5528,13818.341798984122,57,142.4829020517538,1.0311143270622287,2199,5496.8403791545015,39.77930535455861,3272.0,8179.018517777867,0,0,0,400048
60,Martinique,1543,4108.564079487269,21,55.9169446981417,1.3609850939727801,98,260.94574192466126,6.351263771872976,1424.0,3791.7013928644656,0,0,0,375557
61,Mayotte,3779,14198.600053352773,42,157.80396989701413,1.1114051336332362,2964,11136.451589874998,78.43344800211696,773.0,2904.34449358076,0,0,0,266153
62,New Caledonia,27,95.48835218933573,0,0.0,0.0,27,95.48835218933573,100.0,0.0,0.0,0,0,0,282757
63,Reunion,3993,4491.907142503588,16,17.999127042338447,0.4007012271475081,2819,3171.2211957720046,70.59854745805158,1158.0,1302.6868196892449,0,0,0,888932
64,Saint Barthelemy,48,4871.61270678981,0,0.0,0.0,25,2537.2982847863595,52.083333333333336,23.0,2334.3144220034505,0,0,0,9853
65,Saint Pierre and Miquelon,16,2748.668613640268,0,0.0,0.0,6,1030.7507301151006,37.5,10.0,1717.9178835251676,0,0,0,5821
66,St Martin,383,10078.416925424977,8,210.5152360402084,2.088772845953003,273,7183.832429872112,71.27937336814621,102.0,2684.069259512657,0,0,0,38002
67,France,576907,8857.813338734655,31769,487.7803042054633,5.50678012227274,79128,1214.9290160587334,13.715902216475099,464984.0,7139.350844240397,6339637.362637362,97338.60811796323,9.1,65129731
68,Gabon,8766,4034.837874635571,54,24.855264114798178,0.6160164271047228,8005,3684.562763684434,91.31873146246863,707.0,325.4198468363391,0,0,0,2172578
69,Gambia,3579,1524.4733560052068,112,47.706346988707224,3.1293657446214027,2161,920.4769271660385,60.37999441184688,1306.0,556.2900818504611,0,0,0,2347696
70,Georgia,6192,1549.2541212111205,39,9.757899019256088,0.6298449612403101,3120,780.631921540487,50.3875968992248,3033.0,758.8643006513773,0,0,0,3996762
71,Ghana,46626,1532.8495517337217,301,9.895502832579467,0.6455625616608759,45757,1504.2808076755439,98.13623300304552,568.0,18.673241225598463,479104.0,15750.747472093532,9.731916243654823,30417858
72,Greece,18475,1763.983832646581,391,37.33248598456364,2.1163734776725307,1347,128.61089161434072,7.290933694181326,16737.0,1598.0404550476767,1307549.0,124844.12971005167,1.412948960230171,10473452
73,Grenada,24,214.2818878234317,0,0.0,0.0,24,214.2818878234317,100.0,0.0,0.0,0,0,0,112002
74,Guatemala,91746,5218.33320478895,3246,184.62613719121194,3.538028905892355,80256,4564.804456690667,87.47629324439212,8244.0,468.90261090707065,0,0,0,17581476
75,Guinea,10652,834.0611401581334,66,5.167859111006083,0.6196019526849418,9996,782.6957526305578,93.84153210664664,590.0,46.19752841656953,0,0,0,12771246
76,Guinea-Bissau,2324,1209.8388425944484,39,20.302803296550554,1.6781411359724614,1549,806.385700162995,66.65232358003442,736.0,383.15033913490277,0,0,0,1920917
77,Guyana,2894,3697.1032544473187,80,102.20050461499153,2.7643400138217,1680,2146.2105969148224,58.051140290255695,1134.0,1448.692152917505,0,0,0,782775
78,Haiti,8766,778.2951713292609,229,20.33191811937038,2.6123659593885464,6829,606.3173311667263,77.90326260552133,1708.0,151.64592204316423,0,0,0,11263079
79,Holy See,12,14723.926380368099,0,0.0,0.0,12,14723.926380368099,100.0,0.0,0.0,0,0,0,815
80,Honduras,76900,7890.323477611336,2353,241.4295337167682,3.059817945383615,27922,2864.936438775861,36.30949284785436,46625.0,4783.957505118707,0,0,0,9746115
81,Hungary,26461,2732.2534146714193,765,78.99073588389085,2.891047201541892,5890,608.1770383740093,22.259173878538228,19806.0,2045.085640413519,727649.0,75134.02611134286,3.6365060626758234,9684680
82,Iceland,2728,8046.319428262993,10,29.495305822078418,0.36656891495601174,2167,6391.632771644393,79.43548387096774,551.0,1625.1913507965207,128457.0,378887.8499986727,2.1236678421572974,339037
83,Indonesia,287008,1060.5354223608888,10740,39.685829092415354,3.7420559705652807,214947,794.2597677772256,74.89233749581892,61321.0,226.58982549124784,2023990.0,7478.931212733496,14.180307214956594,270625567
84,Iran,457219,5514.383458029163,26169,315.616587922123,5.723515426961696,380956,4594.597916177931,83.32024697136383,50094.0,604.168953929108,4014821.0,48421.571521192476,11.388278580788533,82913893
85,Iraq,362981,9233.857754871184,9181,233.55505673154337,2.529333491284668,292197,7433.186680294824,80.49925478193073,61603.0,1567.1160178448172,0,0,0,39309789
86,Ireland,36155,7405.020954437667,1804,369.4829982521242,4.989627990596045,23364,4785.255416387267,64.62176739040243,10987.0,2250.2825397982756,1180984.0,241881.1026650702,3.0614301294513724,4882498
87,Israel,245494,28815.970377162732,1569,184.16848282144707,0.6391194896820289,174506,20483.432290146236,71.0836110047496,69419.0,8148.369604195051,3493433.0,410057.52418634563,7.027299507390008,8519373
88,Jamaica,6482,2198.5722508434587,107,36.29238365323204,1.650725084850355,1867,633.2512175755535,28.802838630052452,4508.0,1529.0286496146732,0,0,0,2948277
89,Jordan,11825,1170.5953960012857,61,6.0385893578079015,0.5158562367864694,4626,457.9428585117926,39.120507399577164,7138.0,706.6139481316852,0,0,0,10101697
90,Kazakhstan,107979,5820.522280009926,1725,92.98475567487311,1.597532853610424,102937,5548.737272408355,95.3305735374471,3317.0,178.80025192669802,2964281.0,159787.21422415567,3.6426708534042485,18551428
91,Kenya,38529,732.8532009007423,711,13.523803520476207,1.8453632328895118,24908,473.7706020928571,64.64740844558644,12910.0,245.55879528740905,541415.0,10298.157641404538,7.116352520709622,52573967
92,"Korea, South",23889,466.3513968023743,415,8.101462165556756,1.7372012223198963,21666,422.95488982880164,90.69446188622379,1808.0,35.295044808015945,2308406.0,45063.7683656487,1.0348699492203712,51225321
93,Kosovo,12683,6926.815947569634,488,266.5210267613326,3.847670109595522,8788,4799.563080283998,69.28960025230624,3407.0,1860.7318405243036,0,0,0,1831000
94,Kuwait,105182,25001.206300716625,610,144.9937807175861,0.5799471392443574,96688,22982.22732790486,91.92447376927612,7884.0,1873.9851920941785,0,0,0,4207077
95,Kyrgyzstan,46669,7274.015559276548,1064,165.8392627883659,2.2798860056997152,42879,6683.291117577388,91.87897747969744,2726.0,424.88517891079454,0,0,0,6415851
96,Laos,23,3.208053721230732,0,0.0,0.0,22,3.0685731246554826,95.65217391304348,1.0,0.13948059657524922,0,0,0,7169456
97,Latvia,1824,956.6065640831996,37,19.404848065284202,2.0285087719298245,1307,685.4631465223365,71.65570175438597,480.0,251.73856949557882,324717.0,170299.56889769973,0.5617198976339397,1906740
98,Lebanon,39634,5781.167199482942,367,53.53202710325073,0.9259726497451684,17565,2562.0982454185264,44.31800978957461,21702.0,3165.5369269611647,0,0,0,6855709
99,Lesotho,1595,750.4939379381508,36,16.939048129011553,2.25705329153605,873,410.7719171285302,54.73354231974922,686.0,322.7829726806091,0,0,0,2125267
100,Liberia,1343,272.00694134169294,82,16.60801875652928,6.105733432613552,1221,247.29745002100307,90.91586001489203,40.0,8.101472564160625,0,0,0,4937374
101,Libya,34525,5094.096558102284,551,81.29897765428989,1.5959449674149169,19361,2856.677869990393,56.07820419985517,14613.0,2156.119710457601,0,0,0,6777453
102,Liechtenstein,118,3103.6296685954762,1,26.30194634402946,0.847457627118644,113,2972.119936875329,95.76271186440678,4.0,105.20778537611784,0,0,0,38020
103,Lithuania,4693,1700.5896802869659,92,33.33779045096971,1.9603665033027913,2365,856.9986349624279,50.394204133816324,2236.0,810.2532548735682,774987.0,280829.9370459311,0.6055585448530104,2759631
104,Luxembourg,8509,13819.36887921654,124,201.3869715622107,1.4572805265013515,7174,11651.210757962093,84.31072981548948,1211.0,1966.7711496922352,830958.0,1349549.3154467056,1.0239988061971845,615730
105,Madagascar,16408,608.3953365355416,230,8.528213517989673,1.4017552413456849,15301,567.3486740815652,93.25329107752316,877.0,32.51844893598671,0,0,0,26969306
106,Malawi,5773,309.89735274225876,179,9.608804112396383,3.10064091460246,4263,228.83984319075856,73.84375541313008,1331.0,71.44870543910383,0,0,0,18628749
107,Malaysia,11224,351.3012245558179,136,4.256679128616468,1.2116892373485388,9967,311.9582417273554,88.8007840342124,1121.0,35.086303699846034,1549750.0,48505.79764392185,0.7242458461042103,31949789
108,Maldives,10291,19381.983851799676,34,64.03531736091622,0.33038577397726165,9108,17153.931485977206,88.50451851132057,1149.0,2164.0170484615514,153822.0,289707.07609090756,6.690200361456748,530957
109,Mali,3118,158.6120842365481,131,6.663945809810071,4.2014111610006415,2453,124.78365703407712,78.6722257857601,534.0,27.1644813926609,0,0,0,19658023
110,Malta,3058,6944.0502115233085,35,79.4773569010189,1.144538914323087,2562,5817.742525154583,83.78024852844996,461.0,1046.830329467706,0,0,0,440377
111,Mauritania,7502,1657.6448538987797,161,35.574622964236674,2.146094374833378,7120,1573.2379845053736,94.90802452679286,221.0,48.8322464291696,0,0,0,4525698
112,Mauritius,381,300.0779730166106,10,7.8760622839005405,2.6246719160104988,344,270.9365425661786,90.28871391076116,27.0,21.26536816653146,0,0,0,1269670
113,Moldova,53042,13118.628591101533,1320,326.4693967092874,2.488593944421402,38997,9644.944745054607,73.52098337166774,12725.0,3147.214449337638,0,0,0,4043258
114,Monaco,218,5594.477378294454,2,51.325480534811504,0.9174311926605505,181,4644.955988400441,83.02752293577981,35.0,898.1959093592013,0,0,0,38967
115,Mongolia,313,97.04926816170082,0,0.0,0.0,307,95.18889880396853,98.08306709265176,6.0,1.860369357732284,0,0,0,3225166
116,Montenegro,10772,17153.194010076626,169,269.11342254947544,1.5688822874118085,7192,11452.448135951643,66.76568882287411,3411.0,5431.632451575508,0,0,0,627988
117,Morocco,123653,3390.375996599671,2194,60.15612186149691,1.7743200731078097,102715,2816.288084322541,83.06713140805319,18744.0,513.9317904156327,2621314.0,71872.4176942789,4.717214343645973,36471766
118,Mozambique,8728,287.426320248575,61,2.0088228156694634,0.6989000916590284,5232,172.2977208456169,59.94500458295142,3435.0,113.11977658728863,0,0,0,30366043
119,Namibia,11265,4515.89160898031,121,48.50624808580715,1.0741233910341768,9014,3613.5150433509557,80.01775410563693,2130.0,853.8703175435473,0,0,0,2494524
120,Nepal,77817,2720.0452729177105,498,17.40728306042407,0.6399629900921393,56428,1972.4059609108624,72.51371808216713,20891.0,730.2320289464242,1021503.0,35706.00776721359,7.617892458465613,28608715
121,Aruba,3963,37277.77255197065,27,253.974226319255,0.6813020439061317,3259,30655.629762016742,82.23568004037345,677.0,6368.168563634653,0,0,0,106310
122,"Bonaire, Sint Eustatius and Saba",121,4656.891044144249,1,38.48670284416734,0.8264462809917356,32,1231.5744910133549,26.446280991735538,88.0,3386.829850286726,0,0,0,25983
123,Curacao,392,2398.683171891349,1,6.119089724212626,0.25510204081632654,171,1046.364342840359,43.62244897959184,220.0,1346.1997393267777,0,0,0,163423
124,Sint Maarten,667,15735.21432447097,22,519.0025714218311,3.2983508245877062,557,13140.201467361814,83.50824587706147,88.0,2076.0102856873245,0,0,0,42389
125,New Zealand,1848,386.3633797763859,25,5.226777323814744,1.3528138528138527,1770,370.0558345260839,95.77922077922078,53.0,11.080767926487258,966238.0,202012.43471232444,0.19125722648043236,4783062
126,Nicaragua,5170,789.8552639881152,151,23.06927366773799,2.920696324951644,2913,445.0383721464951,56.34429400386847,2106.0,321.74761817388213,0,0,0,6545503
127,Niger,1197,51.34976746105515,69,2.9600116581560614,5.764411027568922,1114,47.789173727331196,93.06599832915622,14.0,0.6005820755678964,0,0,0,23310719
128,Nigeria,58848,292.82914478797437,1112,5.533340283513925,1.8896139206090266,50358,250.5826888463977,85.57300163132136,7378.0,36.71311565806272,509555.0,2535.5586404369947,11.548900511230386,200963603
129,North Macedonia,17977,8628.443673930553,739,354.6987748253145,4.11080825499249,14959,7179.890355361136,83.21188184902931,2279.0,1093.8545437441026,0,0,0,2083458
130,Norway,14027,2607.8021379627166,274,50.940171512211045,1.953375632708348,11190,2080.3668584731445,79.77472018250516,2563.0,476.495107977361,1021793.0,189964.63748166664,1.372782941358964,5378859
131,Oman,98585,19816.1122671152,935,187.94000070753881,0.9484201450524927,88528,17794.601478756147,89.79865091038191,9122.0,1833.5707876515178,0,0,0,4974992
132,Panama,112595,26515.151515151516,2372,558.5855445973568,2.10666548248146,89061,20973.097465170827,79.0985390115014,21162.0,4983.468505383333,478695.0,112728.54438070478,23.521240038020032,4246440
133,Papua New Guinea,534,60.84694156950242,7,0.7976190842444137,1.3108614232209739,516,58.79592106715965,96.62921348314607,11.0,1.2534014180983646,0,0,0,8776119
134,Paraguay,40758,5785.676171624976,857,121.6527915766869,2.102654693557093,24449,3470.5823818651315,59.98576966485108,15452.0,2193.4409981831573,269710.0,38285.85112736082,15.111786733899374,7044639
135,Philippines,311694,2882.9424581911185,5504,50.90799081754515,1.7658344401881334,253488,2344.5793561696737,81.3259158020366,52702.0,487.4551112038998,3497189.0,32346.450853782684,8.9127010293124,108116622
136,Poland,91514,2415.396778026345,2513,66.32747014861339,2.7460279301527635,69695,1839.511751694234,76.15774635574884,19306.0,509.5575561834978,3197636.0,84397.57514370534,2.8619267483853696,37887771
137,Portugal,75542,7387.119606171533,1971,192.74063095713763,2.6091445818220325,48530,4745.663531379954,64.24240819676471,25041.0,2448.715443834441,2501955.0,244661.7885978515,3.0193188926259666,10226178
138,Qatar,125760,44405.666383363976,214,75.56307733810345,0.17016539440203562,122699,43324.83189863531,97.56599872773538,2847.0,1005.2714073905634,775914.0,273974.0635033514,16.207981812417355,2832071
139,Romania,127572,6587.911792254696,4825,249.1665443641936,3.782177907377794,102476,5291.93591715339,80.32797165522216,20271.0,1046.8093307371128,2419691.0,124954.62070448497,5.272243439348247,19364558
140,Rwanda,4840,383.30749703530654,29,2.2966771516578284,0.5991735537190083,3154,249.78343918375143,65.16528925619835,1657.0,131.2273806998973,490225.0,38823.74333349858,0.9873017491967975,12626938
141,Saint Kitts and Nevis,19,359.61691335125107,0,0.0,0.0,17,321.76250141954046,89.47368421052632,2.0,37.854411931710644,0,0,0,52834
142,Saint Lucia,27,147.706447112886,0,0.0,0.0,27,147.706447112886,100.0,0.0,0.0,0,0,0,182795
143,Saint Vincent and the Grenadines,64,578.6984709701337,0,0.0,0.0,64,578.6984709701337,100.0,0.0,0.0,0,0,0,110593
144,San Marino,732,21615.87526576896,42,1240.2551381998583,5.737704918032787,680,20080.321285140562,92.89617486338798,10.0,295.2988424285377,0,0,0,33864
145,Sao Tome and Principe,911,4236.263531862654,15,69.75186935009859,1.646542261251372,886,4120.010416279157,97.25576289791438,10.0,46.50124623339906,0,0,0,215048
146,Saudi Arabia,334605,9764.206686549049,4768,139.13640705149615,1.424963763243227,319154,9313.326521835821,95.38231646269482,10683.0,311.74375766173097,6491493.0,189430.1620008259,5.15451530179575,34268529
147,Senegal,14982,919.3462933628991,311,19.08401396581642,2.075824322520358,12437,763.1764684657841,83.0129488719797,2234.0,137.08581093129868,185355.0,11374.010960237629,8.082868010034797,16296362
148,Serbia,33551,3824.683991341766,749,85.38309765774441,2.2324222824953055,0,0.0,0.0,32802.0,3739.300893684022,1127678.0,128550.92229704927,2.975228744375611,8772228
149,Seychelles,144,1473.2814274460054,0,0.0,0.0,140,1432.356943350283,97.22222222222221,4.0,40.92448409572237,0,0,0,97741
150,Sierra Leone,2231,285.54215957672693,72,9.215166064331841,3.227252353204841,1687,215.91646042399745,75.61631555356342,472.0,60.41053308839763,0,0,0,7813207
151,Singapore,57765,9952.030746632307,27,4.6516892609551155,0.046741106206180216,57488,9904.307860510655,99.52047087336624,250.0,43.071196860695515,957771.0,165009.37315386083,6.031191172002493,5804343
152,Slovakia,10141,1858.342990632969,48,8.79602243865324,0.47332610196233116,4395,805.3858045391875,43.338921210925946,5698.0,1044.1611636551286,467021.0,85581.81656921408,2.1714226983369054,5457012
153,Slovenia,5690,2737.3483032770246,150,72.16208180870892,2.6362038664323375,3804,1830.030394668858,66.85413005272409,1736.0,835.1558267994578,227029.0,109219.2351396625,2.506287742975567,2078654
154,Somalia,3588,232.33969047017445,99,6.410710523006486,2.7591973244147154,2946,190.7672040482536,82.10702341137124,543.0,35.161775898914364,0,0,0,15442906
155,South Africa,674339,11515.692566516696,16734,285.76665357941687,2.4815411832920833,608112,10384.73355094337,90.17897526318364,49493.0,845.1923619939095,4187917.0,71517.0925396409,16.102014438204005,58558267
156,South Sudan,2704,244.43790761874268,49,4.429533089244967,1.8121301775147929,1290,116.61423847195934,47.70710059171598,1365.0,123.39413605753838,0,0,0,11062114
157,Sri Lanka,3380,158.50882401740708,13,0.6096493231438733,0.38461538461538464,3230,151.4744087503624,95.56213017751479,137.0,6.424765943900819,0,0,0,21323734
158,Sudan,13640,318.59305569443393,836,19.526671155465305,6.129032258064516,6764,157.98852116694655,49.58944281524927,6040.0,141.07786337202208,0,0,0,42813237
159,Suriname,4877,8388.906758772058,104,178.88995343700924,2.132458478572893,4695,8075.849340257292,96.26819766249743,78.0,134.16746507775693,0,0,0,581363
160,Switzerland,53282,6201.811331173257,2074,241.40529073333087,3.892496527908112,42700,4970.108926862695,80.13963439810819,8508.0,990.2971135772319,1367695.0,159194.21847132256,3.8957516112876047,8591361
161,Syria,4200,246.0437915770071,200,11.71637102747653,4.761904761904762,1103,64.61578621653307,26.261904761904763,2897.0,169.71163433299753,0,0,0,17070132
162,Taiwan*,514,21.62036564412853,7,0.2944407772546687,1.3618677042801557,483,20.31641363057214,93.96887159533074,24.0,1.0095112363017211,0,0,0,23773881
163,Tajikistan,9769,1048.0609263596925,76,8.153611465179305,0.7779711331763742,8572,919.6415457831184,87.74695465247211,1121.0,120.26576911139475,0,0,0,9321023
164,Tanzania,509,8.775035853951751,21,0.36203487806087775,4.12573673870334,183,3.154875365959078,35.952848722986246,305.0,5.258125609931796,0,0,0,58005461
165,Thailand,3569,51.25989541114207,59,0.8473896971861535,1.653124124404595,3379,48.53101333545784,94.67637993835808,131.0,1.8814923784980697,451067.0,6478.466585435029,0.7912350049992573,69625581
166,Timor-Leste,28,21.653056174214303,0,0.0,0.0,28,21.653056174214303,100.0,0.0,0.0,0,0,0,1293120
167,Togo,1784,220.72763657244127,48,5.938860176836985,2.690582959641256,1348,166.782989966172,75.56053811659193,388.0,48.0057864294323,0,0,0,8082359
168,Trinidad and Tobago,4531,3248.1008538541,76,54.48149743829433,1.6773339218715515,2560,1835.1662295004407,56.49966894725226,1895.0,1358.4531269153651,0,0,0,1394969
169,Tunisia,18413,1574.4710797290504,265,22.65979667236183,1.4392005648183348,5032,430.2796107748103,27.328517894965515,13116.0,1121.5316722818784,225033.0,19242.271790836225,8.182355476752297,11694721
170,Turkey,318663,3819.543342688885,8195,98.22652047252242,2.571682310152104,279749,3353.114200813627,87.78835321326919,30719.0,368.20262140273536,10268163.0,123075.76853382516,3.103408077959027,83429607
171,Uganda,8129,183.62493420144173,75,1.6941653419987857,0.9226227088202732,4260,96.22859142553102,52.404969860991514,3794.0,85.70217743391191,480037.0,10843.493977027614,1.6934111328918395,44269587
172,United Arab Emirates,94190,9640.217937089568,419,42.88407809364613,0.44484552500265423,83724,8569.037122464031,88.88841702940864,10047.0,1028.2967365318918,0,0,0,9770526
173,Anguilla,3,201.72135556750942,0,0.0,0.0,3,201.72135556750942,100.0,0.0,0.0,0,0,0,14872
174,Bermuda,181,2895.6293594419917,9,143.98157035899405,4.972375690607735,167,2671.658027772445,92.26519337016575,5.0,79.98976131055225,0,0,0,62508
175,British Virgin Islands,71,2364.0661938534276,1,33.29670695568208,1.4084507042253522,66,2197.5826590750175,92.95774647887323,4.0,133.18682782272833,0,0,0,30033
176,Cayman Islands,211,3248.752848432592,1,15.396932930960151,0.47393364928909953,208,3202.5620496397114,98.5781990521327,2.0,30.793865861920303,0,0,0,64948
177,Channel Islands,665,3860.3538754469882,48,278.64208424279013,7.218045112781955,600,3483.026053034877,90.22556390977444,17.0,98.68573816932151,0,0,0,172264
178,Falkland Islands (Malvinas),13,3855.2787663107947,0,0.0,0.0,13,3855.2787663107947,100.0,0.0,0.0,0,0,0,3372
179,Gibraltar,396,11748.650091971756,0,0.0,0.0,344,10205.898059692636,86.86868686868688,52.0,1542.7520322791195,0,0,0,33706
180,Isle of Man,340,4019.435151142584,24,283.7248341983,7.0588235294117645,315,3723.888448852688,92.64705882352942,1.0,11.821868091595835,0,0,0,84589
181,Montserrat,13,2604.6884391905432,1,200.36064916850333,7.6923076923076925,12,2404.3277900220396,92.3076923076923,0.0,0.0,0,0,0,4991
182,Turks and Caicos Islands,689,18039.482641252554,6,157.09273707912237,0.8708272859216255,645,16887.469236005654,93.61393323657474,38.0,994.920668167775,0,0,0,38194
183,Uruguay,2046,591.0337920537443,48,13.865895414750598,2.346041055718475,1791,517.3712226628817,87.5366568914956,207.0,59.796673976111954,236255.0,68247.6483585813,0.8660134177054455,3461731
184,Uzbekistan,56717,1719.6498120246324,470,14.250320215307179,0.8286757056967046,53366,1618.0480608725168,94.09171853236244,2881.0,87.35143093680847,0,0,0,32981715
185,Venezuela,75122,2634.3964960653957,628,22.02285614772062,0.8359734831341019,65225,2287.3261022851552,86.82543063283725,9269.0,325.04753763251983,0,0,0,28515829
186,Vietnam,1094,11.341240852833115,35,0.3628367731710777,3.19926873857404,1010,10.470432597222528,92.3217550274223,49.0,0.5079714824395087,261004.0,2705.7671184212563,0.4191506643576344,96462108
187,West Bank and Gaza,39899,8009.560322333663,311,62.43197223604023,0.7794681570966691,31743,6372.276831796222,79.55838492192787,7845.0,1574.8515183014006,0,0,0,4981422
188,Western Sahara,10,17.16861988332206,1,1.7168619883322058,10.0,8,13.734895906657647,80.0,1.0,1.7168619883322058,0,0,0,582458
189,Yemen,2034,69.74848914279382,587,20.12898875458209,28.85939036381514,1286,44.098602280055474,63.2251720747296,161.0,5.520898108156246,0,0,0,29161922
190,Zambia,14759,826.323940708024,332,18.58794961142787,2.2494748966732163,13959,781.533700680487,94.57957856223321,468.0,26.202290416109168,0,0,0,17861034
191,Zimbabwe,7838,535.1824417005855,228,15.567950587871078,2.9089053329931103,6303,430.37189717259383,80.41592242919113,1307.0,89.2425939401206,118557.0,8095.129464237856,6.611165937059811,14645473
192,USA,7233042,21980.592966098542,206932,628.848562425146,2.860926287998881,2840688,8632.606678031254,39.27376614154874,7026399.0,21352.622649834168,113263096.0,344196.8139070869,6.386053582713296,329064917
193,Australia,27096,1075.1015744032504,888,35.23362112747588,3.277236492471213,24782,983.2878364652108,91.45999409506939,1426.0,56.58011681056374,7637403.0,303033.0672295582,0.3547802832978697,25203200
194,Canada,161107,4306.402832233632,9346,249.8193180312185,5.801113545655992,137181,3666.8589628547597,85.14900035380212,14581.0,389.75128142662066,7355960.0,196625.39168252965,2.19015600954872,37411038
195,China,90545,63.15108792575108,4739,3.3052405508877833,5.233861615771163,85460,59.60452784951888,94.38400795184715,346.0,0.24131952534441298,0,0,0,1433783692
196,Italy,314861,5200.008614355202,35894,592.7984386877563,11.399951089528395,227704,3760.588836099539,72.31889627486414,51263.0,846.6213395679068,6848755.0,113108.91154385034,4.597346525025351,60550092
197,Germany,292913,3507.2241420032988,9495,113.68936588106817,3.2415768504641314,256861,3075.5517861587205,87.69190851891176,26557.0,317.98298996350997,16999253.0,203542.3163793413,1.72309336180831,83517046
198,Spain,769188,16457.872516768486,31791,680.2137126171845,4.133059798124776,150376,3217.508642336565,19.549966978163987,587021.0,12560.150161814736,9597882.0,205360.35193865083,8.01414312032592,46736782
199,Brazil,4810935,22795.290047545666,143952,682.0768921060654,2.9921834321187046,4274774,20254.838865565005,88.85536803137019,392485.0,1859.6820398344523,6421441.0,30426.229021635438,74.91986611727803,211049519
200,Chile,462991,24429.619299457816,12741,672.276090667836,2.751889345581232,436589,23036.52351845066,94.29751334259197,13662.0,720.872455121574,3314292.0,174877.89569827198,13.969529540547423,18952035
201,Mexico,743216,5825.694048268458,77646,608.6276937954143,10.447299304643604,628007,4922.629009831501,84.49858452993477,37563.0,294.4373446415417,1609062.0,12612.622597865144,46.18939481511589,127575529
202,Peru,811768,24969.439068568146,32396,996.4792256720315,3.990795399670842,676925,20821.758854119023,83.3889732041667,779372.0,23972.959842896114,0,0,0,32510462
203,Colombia,829679,16481.688126743873,25998,516.4538670004752,3.133501028711104,743653,14772.76973446051,89.63141166643967,60028.0,1192.464525282888,3277609.0,65110.156264541896,25.31354411096626,50339443
204,Japan,83591,658.9216694184207,1575,12.415231655728638,1.884174133578974,75522,595.3162699072624,90.34704693088969,6496.0,51.20593322896078,2427216.0,19132.98344031177,3.4439044567932973,126860299
205,Russia,1170799,8026.193602539646,20630,141.42510714511448,1.7620445524808273,954788,6545.37058656663,81.55012090034242,195381.0,1339.3979088279018,46421834.0,318236.2020030402,2.522086912809175,145872260
206,Ukraine,214446,4874.47697841254,4221,95.94568015201651,1.9683276908872165,95829,2178.246525299121,44.686774292828964,114396.0,2600.2847729614027,2278248.0,51785.84551408939,9.412759278182182,43993643
207,Sweden,92863,9252.628758684272,5893,587.1632542016348,6.3459074119940135,0,0.0,0.0,86970.0,8665.465504482638,4221045.454545454,420574.0344856487,2.2,10036391
208,Pakistan,312806,1444.3956416160581,6484,29.940158885182896,2.072850265020492,297497,1373.7056520458445,95.10591229068496,8825.0,40.749830685030695,3548476.0,16385.24602718357,8.815220956827662,216565317
209,India,6312584,4619.805306452707,98678,72.21656741995673,1.563195040256098,5273201,3859.1426208018333,83.5347458346693,940705.0,688.4461182309168,75619781.0,55341.62643009448,8.347794606810616,1366417756
210,United Kingdom,453264,6712.023091430212,42143,624.0618913969419,9.297671996893643,0,0.0,0.0,411121.0,6087.961200033271,20727837.0,306941.9159240565,2.186740468868025,67530161
211,Netherlands,120845,7068.148249269775,6406,374.6829217991822,5.301005420166329,0,0.0,0.0,114439.0,6693.4653274705925,2450193.0,143310.2516721673,4.9320604540132145,17097123
212,World,33968093,4403.737994016921,1014161,131.47924812117637,2.9856283071292817,23637164,3064.401559946535,69.58637330626715,12833924.0,1663.8331369125026,0,0,0,7713468205
